timestamp,project_name,run_id,experiment_id,duration,emissions,emissions_rate,cpu_power,gpu_power,ram_power,cpu_energy,gpu_energy,ram_energy,energy_consumed,country_name,country_iso_code,region,cloud_provider,cloud_region,os,python_version,codecarbon_version,cpu_count,cpu_model,gpu_count,gpu_model,longitude,latitude,ram_total_size,tracking_mode,on_cloud,pue
2025-05-26T07:55:28,PROMISE_Clasisification,837da3fa-f9ef-4ec8-a962-6a866a9695fd,5b0fa12a-3dd7-45bb-9766-cc326314d9f1,2.6297176779999063,,,,,20.0,,,4.610961109897794e-09,,India,IND,uttarakhand,,,macOS-15.3-x86_64-i386-64bit-Mach-O,3.13.0,3.0.1,8,Intel(R) Core(TM) i7-1068NG7 CPU @ 2.30GHz,1.0,Intel(R) Core(TM) i7-1068NG7 CPU @ 2.30GHz,78.0325,30.3275,32.0,machine,N,1.0
2025-05-26T07:56:49,PROMISE_Clasisification,1fd9f5db-682c-43f6-816e-41a42e0c5924,5b0fa12a-3dd7-45bb-9766-cc326314d9f1,2.6500673669997923,,,,,20.0,,,9.196677777051973e-09,,Canada,CAN,quebec,,,macOS-15.3-x86_64-i386-64bit-Mach-O,3.13.0,3.0.1,8,Intel(R) Core(TM) i7-1068NG7 CPU @ 2.30GHz,1.0,Intel(R) Core(TM) i7-1068NG7 CPU @ 2.30GHz,-71.2,46.8,32.0,machine,N,1.0
2025-05-26T07:57:39,PROMISE_Clasisification,a30a0882-cdff-4c89-8d5a-d710744041fe,5b0fa12a-3dd7-45bb-9766-cc326314d9f1,2.67136464899977,,,,,20.0,,,7.0025944448085885e-09,,India,IND,uttarakhand,,,macOS-15.3-x86_64-i386-64bit-Mach-O,3.13.0,3.0.1,8,Intel(R) Core(TM) i7-1068NG7 CPU @ 2.30GHz,1.0,Intel(R) Core(TM) i7-1068NG7 CPU @ 2.30GHz,78.0325,30.3275,32.0,machine,N,1.0
2025-05-26T08:00:55,PROMISE_Clasisification,9e453880-2de5-4930-bc90-829d0e78b020,5b0fa12a-3dd7-45bb-9766-cc326314d9f1,2.955324233000283,,,,,20.0,,,8.390527778424763e-09,,Canada,CAN,quebec,,,macOS-15.3-x86_64-i386-64bit-Mach-O,3.13.0,3.0.1,8,Intel(R) Core(TM) i7-1068NG7 CPU @ 2.30GHz,1.0,Intel(R) Core(TM) i7-1068NG7 CPU @ 2.30GHz,-71.2,46.8,32.0,machine,N,1.0
2025-05-26T08:38:35,PROMISE_Clasisification,85e8ab72-2b92-4682-b8df-bee91108fe4a,5b0fa12a-3dd7-45bb-9766-cc326314d9f1,1265.009191602,,,,,20.0,,,0.0017853520458334,,Canada,CAN,quebec,,,macOS-15.3-x86_64-i386-64bit-Mach-O,3.13.0,3.0.1,8,Intel(R) Core(TM) i7-1068NG7 CPU @ 2.30GHz,1.0,Intel(R) Core(TM) i7-1068NG7 CPU @ 2.30GHz,-71.2,46.8,32.0,machine,N,1.0
2025-05-26T09:07:56,PROMISE_Clasisification,117f178a-1b39-4250-9574-ad8c9b0909cc,5b0fa12a-3dd7-45bb-9766-cc326314d9f1,1217.7081084820002,,,,,20.0,,,0.0020719017165334,,India,IND,uttarakhand,,,macOS-15.3-x86_64-i386-64bit-Mach-O,3.13.0,3.0.1,8,Intel(R) Core(TM) i7-1068NG7 CPU @ 2.30GHz,1.0,Intel(R) Core(TM) i7-1068NG7 CPU @ 2.30GHz,78.0325,30.3275,32.0,machine,N,1.0
2025-06-01T17:16:54,PROMISE_zero_shot_Seed0,3ca00de9-c83d-4fa3-a53f-2f578990548c,5b0fa12a-3dd7-45bb-9766-cc326314d9f1,1560.5726938769983,0.0105130726303432,6.736676011051506e-06,14.0,0.0,20.0,0.0060684652806131,0.0,0.0086672628739829,0.0147357281545961,India,IND,uttarakhand,,,macOS-15.3-x86_64-i386-64bit,3.10.16,3.0.2,8,Intel(R) Core(TM) i7-1068NG7 CPU @ 2.30GHz,,,78.0325,30.3275,32.0,machine,N,1.0
2025-06-01T17:43:05,PROMISE_few_shot_Seed0,1fa095e9-c1c7-4233-9040-6ba2eacb377a,5b0fa12a-3dd7-45bb-9766-cc326314d9f1,1560.5057160739998,0.010512736317764,6.736749637939488e-06,14.0,0.0,20.0,0.0060682310517189,0.0,0.0086670257077944,0.0147352567595134,India,IND,uttarakhand,,,macOS-15.3-x86_64-i386-64bit,3.10.16,3.0.2,8,Intel(R) Core(TM) i7-1068NG7 CPU @ 2.30GHz,,,78.0325,30.3275,32.0,machine,N,1.0
2025-06-01T18:10:13,PROMISE_zero_shot_Seed1,3c5aa21d-58be-4e50-9ac0-69f342424674,5b0fa12a-3dd7-45bb-9766-cc326314d9f1,1560.5670133810015,0.0105130367039165,6.736677511297561e-06,14.0,0.0,20.0,0.006068435267697,0.0,0.0086672425303501,0.0147356777980472,India,IND,uttarakhand,,,macOS-15.3-x86_64-i386-64bit,3.10.16,3.0.2,8,Intel(R) Core(TM) i7-1068NG7 CPU @ 2.30GHz,,,78.0325,30.3275,32.0,machine,N,1.0
2025-06-01T18:36:23,PROMISE_few_shot_Seed1,6fa2ed71-a4e4-40fa-8c47-d8bf8329dab3,5b0fa12a-3dd7-45bb-9766-cc326314d9f1,1560.5889596169982,0.0105129769937626,6.736544513516729e-06,14.0,0.0,20.0,0.0060685019120562,0.0,0.0086670921927998,0.0147355941048561,India,IND,uttarakhand,,,macOS-15.3-x86_64-i386-64bit,3.10.16,3.0.2,8,Intel(R) Core(TM) i7-1068NG7 CPU @ 2.30GHz,,,78.0325,30.3275,32.0,machine,N,1.0
2025-06-01T19:03:35,PROMISE_zero_shot_Seed2,c48d89d4-6746-4f10-9bc4-feb5c434e6aa,5b0fa12a-3dd7-45bb-9766-cc326314d9f1,1560.5467316639988,0.0105129336617659,6.736699035315702e-06,14.0,0.0,20.0,0.0060683713143391,0.0,0.0086671620538944,0.0147355333682335,India,IND,uttarakhand,,,macOS-15.3-x86_64-i386-64bit,3.10.16,3.0.2,8,Intel(R) Core(TM) i7-1068NG7 CPU @ 2.30GHz,,,78.0325,30.3275,32.0,machine,N,1.0
2025-06-01T19:29:45,PROMISE_few_shot_Seed2,ba6f1855-542c-47d8-8a13-96ba5395f7cd,5b0fa12a-3dd7-45bb-9766-cc326314d9f1,1560.5125735759975,0.0105129416519069,6.736851615245851e-06,14.0,0.0,20.0,0.0060682928332364,0.0,0.0086672517344389,0.0147355445676754,India,IND,uttarakhand,,,macOS-15.3-x86_64-i386-64bit,3.10.16,3.0.2,8,Intel(R) Core(TM) i7-1068NG7 CPU @ 2.30GHz,,,78.0325,30.3275,32.0,machine,N,1.0
2025-06-01T19:56:55,PROMISE_zero_shot_Seed3,bf42be13-911f-479a-b596-f8ebc14c08e2,5b0fa12a-3dd7-45bb-9766-cc326314d9f1,1560.4956414890005,0.0105130603974738,6.737000807924388e-06,14.0,0.0,20.0,0.00606827076168,0.0,0.0086674402466218,0.0147357110083018,India,IND,uttarakhand,,,macOS-15.3-x86_64-i386-64bit,3.10.16,3.0.2,8,Intel(R) Core(TM) i7-1068NG7 CPU @ 2.30GHz,,,78.0325,30.3275,32.0,machine,N,1.0
2025-06-01T20:23:05,PROMISE_few_shot_Seed3,615a43d6-647f-40f5-9e62-339901d07df3,5b0fa12a-3dd7-45bb-9766-cc326314d9f1,1560.5278737420012,0.0105130300125824,6.736842186210448e-06,14.0,0.0,20.0,0.00606834480581,0.0,0.0086673236132777,0.0147356684190877,India,IND,uttarakhand,,,macOS-15.3-x86_64-i386-64bit,3.10.16,3.0.2,8,Intel(R) Core(TM) i7-1068NG7 CPU @ 2.30GHz,,,78.0325,30.3275,32.0,machine,N,1.0
2025-06-01T20:50:17,PROMISE_zero_shot_Seed4,ef802b67-ec92-42c2-9949-f2675d276699,5b0fa12a-3dd7-45bb-9766-cc326314d9f1,1560.5308539439975,0.0105128276727988,6.73669965975314e-06,14.0,0.0,20.0,0.0060683106939858,0.0,0.0086670741140064,0.0147353848079922,India,IND,uttarakhand,,,macOS-15.3-x86_64-i386-64bit,3.10.16,3.0.2,8,Intel(R) Core(TM) i7-1068NG7 CPU @ 2.30GHz,,,78.0325,30.3275,32.0,machine,N,1.0
2025-06-01T21:16:27,PROMISE_few_shot_Seed4,0d423185-92bc-416f-adbd-521b5481886a,5b0fa12a-3dd7-45bb-9766-cc326314d9f1,1560.5156182240023,0.0105128603777206,6.736786389671114e-06,14.0,0.0,20.0,0.0060682788578496,0.0,0.0086671517912449,0.0147354306490945,India,IND,uttarakhand,,,macOS-15.3-x86_64-i386-64bit,3.10.16,3.0.2,8,Intel(R) Core(TM) i7-1068NG7 CPU @ 2.30GHz,,,78.0325,30.3275,32.0,machine,N,1.0
2025-06-09T09:51:44,PROMISE_zero_shot_Seed0,1775fa00-a722-496d-bc0c-4abce2ef6d3d,5b0fa12a-3dd7-45bb-9766-cc326314d9f1,0.2384567799999786,1.6060473475580917e-06,6.735171663218113e-06,14.0,0.0,20.0,9.271746322196528e-07,0.0,1.323953838891612e-06,2.2511284711112645e-06,India,IND,uttar pradesh,,,macOS-15.3-x86_64-i386-64bit,3.10.17,3.0.2,8,Intel(R) Core(TM) i7-1068NG7 CPU @ 2.30GHz,,,77.706,28.9834,32.0,machine,N,1.0
2025-06-09T09:51:54,PROMISE_few_shot_Seed0,97fca7bd-27e1-44fe-8d85-850476bb6349,5b0fa12a-3dd7-45bb-9766-cc326314d9f1,0.1999782370003231,1.346783216732152e-06,6.734648914471508e-06,14.0,0.0,20.0,7.775520316641229e-07,0.0,1.1101768999954703e-06,1.8877289316595928e-06,India,IND,uttar pradesh,,,macOS-15.3-x86_64-i386-64bit,3.10.17,3.0.2,8,Intel(R) Core(TM) i7-1068NG7 CPU @ 2.30GHz,,,77.706,28.9834,32.0,machine,N,1.0
2025-06-09T09:57:10,PROMISE_zero_shot_Seed0,12ac9aa7-00e1-46f5-92d6-d70a6bac5fcb,5b0fa12a-3dd7-45bb-9766-cc326314d9f1,24.03586430699943,0.0001619201858617,6.7366075874644295e-06,14.0,0.0,20.0,9.346020607387495e-05,0.0,0.0001334964530777,0.0002269566591516,India,IND,uttar pradesh,,,macOS-15.3-x86_64-i386-64bit,3.10.17,3.0.2,8,Intel(R) Core(TM) i7-1068NG7 CPU @ 2.30GHz,,,77.706,28.9834,32.0,machine,N,1.0
2025-06-09T09:57:38,PROMISE_few_shot_Seed0,1a17ea75-8a4d-4ae7-8bc7-363cb5412396,5b0fa12a-3dd7-45bb-9766-cc326314d9f1,16.91591328300092,0.0001139651157545,6.737154172401237e-06,14.0,0.0,20.0,6.578110787501423e-05,0.0,9.395896278891894e-05,0.0001597400706639,India,IND,uttar pradesh,,,macOS-15.3-x86_64-i386-64bit,3.10.17,3.0.2,8,Intel(R) Core(TM) i7-1068NG7 CPU @ 2.30GHz,,,77.706,28.9834,32.0,machine,N,1.0
2025-06-09T10:05:03,PROMISE_zero_shot_Seed0,f2c38815-b59e-4e00-9d22-d16a2d6665ab,5b0fa12a-3dd7-45bb-9766-cc326314d9f1,113.40299724000032,0.0007640086433799,6.737111557669685e-06,14.0,0.0,20.0,0.0004409908358994,0.0,0.0006298876857722,0.0010708785216717,India,IND,uttar pradesh,,,macOS-15.3-x86_64-i386-64bit,3.10.17,3.0.2,8,Intel(R) Core(TM) i7-1068NG7 CPU @ 2.30GHz,,,77.706,28.9834,32.0,machine,N,1.0
2025-06-09T10:07:08,PROMISE_few_shot_Seed0,c447eae8-553f-4fc2-902b-565d558e872e,5b0fa12a-3dd7-45bb-9766-cc326314d9f1,114.53029766499822,0.0007715948452424,6.737036932352821e-06,14.0,0.0,20.0,0.0004453754923139,0.0,0.0006361362868555,0.0010815117791694,India,IND,uttar pradesh,,,macOS-15.3-x86_64-i386-64bit,3.10.17,3.0.2,8,Intel(R) Core(TM) i7-1068NG7 CPU @ 2.30GHz,,,77.706,28.9834,32.0,machine,N,1.0
2025-06-09T10:15:01,PROMISE_zero_shot_Seed0,bc19f016-889f-4100-946a-e37d88590bd5,5b0fa12a-3dd7-45bb-9766-cc326314d9f1,112.92442767200008,0.0007607902611118,6.737162868973343e-06,14.0,0.0,20.0,0.000439130022866,0.0,0.0006272374288388,0.0010663674517049,India,IND,uttar pradesh,,,macOS-15.3-x86_64-i386-64bit,3.10.17,3.0.2,8,Intel(R) Core(TM) i7-1068NG7 CPU @ 2.30GHz,,,77.706,28.9834,32.0,machine,N,1.0
2025-06-09T10:17:07,PROMISE_few_shot_Seed0,b302f1cb-a862-4977-8974-bddf4f720704,5b0fa12a-3dd7-45bb-9766-cc326314d9f1,114.42397612700006,0.000770888311647,6.737122216338902e-06,14.0,0.0,20.0,0.0004449604654133,0.0,0.0006355609955722,0.0010805214609856,India,IND,uttar pradesh,,,macOS-15.3-x86_64-i386-64bit,3.10.17,3.0.2,8,Intel(R) Core(TM) i7-1068NG7 CPU @ 2.30GHz,,,77.706,28.9834,32.0,machine,N,1.0
2025-06-09T10:25:02,PROMISE_zero_shot_Seed0,b5563c33-9dfd-4999-a1de-43f056a05a3f,5b0fa12a-3dd7-45bb-9766-cc326314d9f1,128.2618266820009,0.000864096431951,6.736972755684843e-06,14.0,0.0,20.0,0.0004987645145117,0.0,0.0007124028167055,0.0012111673312173,India,IND,uttar pradesh,,,macOS-15.3-x86_64-i386-64bit,3.10.17,3.0.2,8,Intel(R) Core(TM) i7-1068NG7 CPU @ 2.30GHz,,,77.706,28.9834,32.0,machine,N,1.0
2025-06-09T10:27:08,PROMISE_few_shot_Seed0,05691d53-2260-49af-ab7f-09a3762bf10c,5b0fa12a-3dd7-45bb-9766-cc326314d9f1,114.59721890800029,0.000772054403383,6.737112913733304e-06,14.0,0.0,20.0,0.0004456358846411,0.0,0.0006365200376888,0.0010821559223299,India,IND,uttar pradesh,,,macOS-15.3-x86_64-i386-64bit,3.10.17,3.0.2,8,Intel(R) Core(TM) i7-1068NG7 CPU @ 2.30GHz,,,77.706,28.9834,32.0,machine,N,1.0
2025-06-09T11:45:03,PROMISE_zero_shot_Seed0,894935cd-fe90-4d3b-a13c-94872c736548,5b0fa12a-3dd7-45bb-9766-cc326314d9f1,117.0505188999996,0.0007885943779986,6.737213857824288e-06,14.0,0.0,20.0,0.0004551770382638,0.0,0.0006501622651944,0.0011053393034583,India,IND,uttarakhand,,,macOS-15.3-x86_64-i386-64bit,3.10.17,3.0.2,8,Intel(R) Core(TM) i7-1068NG7 CPU @ 2.30GHz,,,78.0325,30.3275,32.0,machine,N,1.0
2025-06-09T11:50:42,PROMISE_zero_shot_Seed0,f1e5e1dd-9435-421f-a98b-0c2e1ce0fca0,5b0fa12a-3dd7-45bb-9766-cc326314d9f1,103.9944794940002,0.0007006123670342,6.737014988133547e-06,14.0,0.0,20.0,0.0004043959513689,0.0,0.0005776226977334,0.0009820186491023,India,IND,uttar pradesh,,,macOS-15.3-x86_64-i386-64bit,3.10.17,3.0.2,8,Intel(R) Core(TM) i7-1068NG7 CPU @ 2.30GHz,,,77.706,28.9834,32.0,machine,N,1.0
2025-06-09T11:52:37,PROMISE_few_shot_Seed0,3deded54-a8ff-43b6-b73e-83ec802d3e0c,5b0fa12a-3dd7-45bb-9766-cc326314d9f1,103.4956857119996,2.323304725098019e-06,2.2448324382942352e-08,14.0,0.0,20.0,0.000402460934501,0.0,0.0005748596543166,0.0009773205888177,Canada,CAN,quebec,,,macOS-15.3-x86_64-i386-64bit,3.10.17,3.0.2,8,Intel(R) Core(TM) i7-1068NG7 CPU @ 2.30GHz,,,-71.2,46.8,32.0,machine,N,1.0
2025-06-09T11:55:39,PROMISE_zero_shot_Seed1,250c897c-3470-48b5-8071-11a2b7d6175c,5b0fa12a-3dd7-45bb-9766-cc326314d9f1,111.04386618300124,0.000748123439411,6.737188330403597e-06,14.0,0.0,20.0,0.0004318183419355,0.0,0.000616794562861,0.0010486129047966,India,IND,uttar pradesh,,,macOS-15.3-x86_64-i386-64bit,3.10.17,3.0.2,8,Intel(R) Core(TM) i7-1068NG7 CPU @ 2.30GHz,,,77.706,28.9834,32.0,machine,N,1.0
2025-06-09T11:57:35,PROMISE_few_shot_Seed1,e54d238f-179f-4a9d-a7dd-d6a472fa9de4,5b0fa12a-3dd7-45bb-9766-cc326314d9f1,105.11088209700029,2.3595986717838847e-06,2.2448662067228763e-08,14.0,0.0,20.0,0.0004087470572227,0.0,0.0005838409310722,0.000992587988295,Canada,CAN,quebec,,,macOS-15.3-x86_64-i386-64bit,3.10.17,3.0.2,8,Intel(R) Core(TM) i7-1068NG7 CPU @ 2.30GHz,,,-71.2,46.8,32.0,machine,N,1.0
2025-06-09T12:00:46,PROMISE_zero_shot_Seed2,06f1dc9c-1104-40c5-8942-84f610ceece9,5b0fa12a-3dd7-45bb-9766-cc326314d9f1,119.67488325699924,0.0008062543030042,6.737038558649399e-06,14.0,0.0,20.0,0.0004653721274183,0.0,0.0006647203441445,0.0011300924715628,India,IND,uttar pradesh,,,macOS-15.3-x86_64-i386-64bit,3.10.17,3.0.2,8,Intel(R) Core(TM) i7-1068NG7 CPU @ 2.30GHz,,,77.706,28.9834,32.0,machine,N,1.0
2025-06-09T12:02:49,PROMISE_few_shot_Seed2,b075164b-7439-45fd-934e-605f8c330501,5b0fa12a-3dd7-45bb-9766-cc326314d9f1,113.54204258199934,0.0007649488495815,6.737141874377337e-06,14.0,0.0,20.0,0.0004415316829621,0.0,0.0006306646858777,0.0010721963688399,India,IND,uttar pradesh,,,macOS-15.3-x86_64-i386-64bit,3.10.17,3.0.2,8,Intel(R) Core(TM) i7-1068NG7 CPU @ 2.30GHz,,,77.706,28.9834,32.0,machine,N,1.0
2025-06-09T12:05:45,PROMISE_zero_shot_Seed3,c63a0a56-b82a-4cb1-84c2-b6f7e42b049d,5b0fa12a-3dd7-45bb-9766-cc326314d9f1,104.3649119640013,0.0007030924642324,6.736866356720984e-06,14.0,0.0,20.0,0.0004058281795672,0.0,0.0005796667166223,0.0009854948961896,India,IND,uttar pradesh,,,macOS-15.3-x86_64-i386-64bit,3.10.17,3.0.2,8,Intel(R) Core(TM) i7-1068NG7 CPU @ 2.30GHz,,,77.706,28.9834,32.0,machine,N,1.0
2025-06-09T12:07:26,PROMISE_few_shot_Seed3,b5d201d9-d50d-41be-84bb-0275d3b8f242,5b0fa12a-3dd7-45bb-9766-cc326314d9f1,91.41045694900096,0.0006158513361737,6.737208813181791e-06,14.0,0.0,20.0,0.0003554705660838,0.0,0.0005077421399055,0.0008632127059894,India,IND,uttar pradesh,,,macOS-15.3-x86_64-i386-64bit,3.10.17,3.0.2,8,Intel(R) Core(TM) i7-1068NG7 CPU @ 2.30GHz,,,77.706,28.9834,32.0,machine,N,1.0
2025-06-09T12:10:21,PROMISE_zero_shot_Seed4,005ba42f-9df7-4aa9-be76-af18fda54028,5b0fa12a-3dd7-45bb-9766-cc326314d9f1,104.15610982199904,0.0007016939611196,6.736944787193622e-06,14.0,0.0,20.0,0.0004050224983505,0.0,0.0005785121753221,0.0009835346736726,India,IND,uttar pradesh,,,macOS-15.3-x86_64-i386-64bit,3.10.17,3.0.2,8,Intel(R) Core(TM) i7-1068NG7 CPU @ 2.30GHz,,,77.706,28.9834,32.0,machine,N,1.0
2025-06-09T12:12:05,PROMISE_few_shot_Seed4,3b47328b-48b9-4301-98fd-ecf88038af38,5b0fa12a-3dd7-45bb-9766-cc326314d9f1,94.51492806900023,0.0006367640612273,6.737179768708372e-06,14.0,0.0,20.0,0.0003675420005755,0.0,0.0005249831854277,0.0008925251860033,India,IND,uttar pradesh,,,macOS-15.3-x86_64-i386-64bit,3.10.17,3.0.2,8,Intel(R) Core(TM) i7-1068NG7 CPU @ 2.30GHz,,,77.706,28.9834,32.0,machine,N,1.0
2025-06-09T12:15:11,PROMISE_zero_shot_Seed5,968a8727-9a96-42c6-aeed-526cab1497b1,5b0fa12a-3dd7-45bb-9766-cc326314d9f1,114.41596552999908,2.568459197777333e-06,2.2448433537047773e-08,14.0,0.0,20.0,0.0004449313263228,0.0,0.000635515861,0.0010804471873228,Canada,CAN,quebec,,,macOS-15.3-x86_64-i386-64bit,3.10.17,3.0.2,8,Intel(R) Core(TM) i7-1068NG7 CPU @ 2.30GHz,,,-71.2,46.8,32.0,machine,N,1.0
2025-06-09T12:17:17,PROMISE_few_shot_Seed5,5ff677a2-aded-4c72-a5fa-c096ce2fc459,5b0fa12a-3dd7-45bb-9766-cc326314d9f1,115.7013913940009,0.0007794979394356,6.737152682816271e-06,14.0,0.0,20.0,0.0004499286612722,0.0,0.0006426605499388,0.0010925892112111,India,IND,uttar pradesh,,,macOS-15.3-x86_64-i386-64bit,3.10.17,3.0.2,8,Intel(R) Core(TM) i7-1068NG7 CPU @ 2.30GHz,,,77.706,28.9834,32.0,machine,N,1.0
2025-06-09T12:20:32,PROMISE_zero_shot_Seed6,f1ab1202-f004-4e61-8aed-8a7aeafc38a6,5b0fa12a-3dd7-45bb-9766-cc326314d9f1,123.81063748400084,0.000834128812477,6.737133653680282e-06,14.0,0.0,20.0,0.0004814651865138,0.0,0.0006876978031055,0.0011691629896194,India,IND,uttar pradesh,,,macOS-15.3-x86_64-i386-64bit,3.10.17,3.0.2,8,Intel(R) Core(TM) i7-1068NG7 CPU @ 2.30GHz,,,77.706,28.9834,32.0,machine,N,1.0
2025-06-09T12:22:49,PROMISE_few_shot_Seed6,e498a023-6dae-42ac-b55f-f17a4a70046e,5b0fa12a-3dd7-45bb-9766-cc326314d9f1,127.48039154499928,0.0008588571303355,6.737170477173742e-06,14.0,0.0,20.0,0.0004957352247322,0.0,0.0007080883995555,0.0012038236242878,India,IND,uttar pradesh,,,macOS-15.3-x86_64-i386-64bit,3.10.17,3.0.2,8,Intel(R) Core(TM) i7-1068NG7 CPU @ 2.30GHz,,,77.706,28.9834,32.0,machine,N,1.0
2025-06-09T12:26:05,PROMISE_zero_shot_Seed7,cd54ec29-b76f-4c18-b7cf-13197b597ef3,5b0fa12a-3dd7-45bb-9766-cc326314d9f1,124.19734258900098,0.0008367373072247,6.737159505849445e-06,14.0,0.0,20.0,0.0004829672993911,0.0,0.0006898519067166,0.0011728192061077,India,IND,uttar pradesh,,,macOS-15.3-x86_64-i386-64bit,3.10.17,3.0.2,8,Intel(R) Core(TM) i7-1068NG7 CPU @ 2.30GHz,,,77.706,28.9834,32.0,machine,N,1.0
2025-06-09T12:28:22,PROMISE_few_shot_Seed7,3136fd6d-74d8-4660-a81d-138fb436b1e5,5b0fa12a-3dd7-45bb-9766-cc326314d9f1,125.4313437180026,2.8157222611957567e-06,2.2448314573796825e-08,14.0,0.0,20.0,0.0004877641061143,0.0,0.0006966966787888,0.0011844607849032,Canada,CAN,quebec,,,macOS-15.3-x86_64-i386-64bit,3.10.17,3.0.2,8,Intel(R) Core(TM) i7-1068NG7 CPU @ 2.30GHz,,,-71.2,46.8,32.0,machine,N,1.0
2025-06-09T12:31:42,PROMISE_zero_shot_Seed8,47ad4502-545e-409c-9331-1599c0ef0f09,5b0fa12a-3dd7-45bb-9766-cc326314d9f1,128.8416895889968,0.0008680263095156,6.737154039850364e-06,14.0,0.0,20.0,0.0005010280449961,0.0,0.0007156476289777,0.0012166756739739,India,IND,uttar pradesh,,,macOS-15.3-x86_64-i386-64bit,3.10.17,3.0.2,8,Intel(R) Core(TM) i7-1068NG7 CPU @ 2.30GHz,,,77.706,28.9834,32.0,machine,N,1.0
2025-06-09T12:33:52,PROMISE_few_shot_Seed8,9addf536-20f9-4dd9-a3dc-779750fe8026,5b0fa12a-3dd7-45bb-9766-cc326314d9f1,120.7405208070013,2.710412233491628e-06,2.2448240370141428e-08,14.0,0.0,20.0,0.0004695213012894,0.0,0.0006706398025722,0.0011401611038616,Canada,CAN,quebec,,,macOS-15.3-x86_64-i386-64bit,3.10.17,3.0.2,8,Intel(R) Core(TM) i7-1068NG7 CPU @ 2.30GHz,,,-71.2,46.8,32.0,machine,N,1.0
2025-06-09T12:37:18,PROMISE_zero_shot_Seed9,b4beb01f-6662-4fbe-8b08-92b9472d5795,5b0fa12a-3dd7-45bb-9766-cc326314d9f1,132.92076064399953,0.0008955171584707,6.737225653329306e-06,14.0,0.0,20.0,0.0005168911470722,0.0,0.0007383172842778,0.00125520843135,India,IND,uttar pradesh,,,macOS-15.3-x86_64-i386-64bit,3.10.17,3.0.2,8,Intel(R) Core(TM) i7-1068NG7 CPU @ 2.30GHz,,,77.706,28.9834,32.0,machine,N,1.0
2025-06-09T12:39:44,PROMISE_few_shot_Seed9,db17cfc6-3b86-4430-8917-94551d898408,5b0fa12a-3dd7-45bb-9766-cc326314d9f1,136.99458564900124,0.000922949352755,6.737122846006307e-06,14.0,0.0,20.0,0.0005327278249106,0.0,0.0007609311500501,0.0012936589749608,India,IND,uttar pradesh,,,macOS-15.3-x86_64-i386-64bit,3.10.17,3.0.2,8,Intel(R) Core(TM) i7-1068NG7 CPU @ 2.30GHz,,,77.706,28.9834,32.0,machine,N,1.0
2025-06-09T12:42:59,PROMISE_zero_shot_Seed10,482ee30c-1138-437e-bed5-93ddeee06969,5b0fa12a-3dd7-45bb-9766-cc326314d9f1,122.55552405200068,2.7512021321250984e-06,2.24486179093629e-08,14.0,0.0,20.0,0.000476583234182,0.0,0.0006807365347998,0.0011573197689819,Canada,CAN,quebec,,,macOS-15.3-x86_64-i386-64bit,3.10.17,3.0.2,8,Intel(R) Core(TM) i7-1068NG7 CPU @ 2.30GHz,,,-71.2,46.8,32.0,machine,N,1.0
2025-06-09T12:45:25,PROMISE_few_shot_Seed10,24abc9e5-6d28-491c-88fb-cc5741ecca77,5b0fa12a-3dd7-45bb-9766-cc326314d9f1,134.3690539950003,0.0009052537613734,6.737070288573647e-06,14.0,0.0,20.0,0.0005225185074705,0.0,0.0007463373073389,0.0012688558148094,India,IND,uttar pradesh,,,macOS-15.3-x86_64-i386-64bit,3.10.17,3.0.2,8,Intel(R) Core(TM) i7-1068NG7 CPU @ 2.30GHz,,,77.706,28.9834,32.0,machine,N,1.0
2025-06-09T12:49:00,PROMISE_zero_shot_Seed11,98105bce-8cf6-43ea-ace0-2f407d4ea32f,5b0fa12a-3dd7-45bb-9766-cc326314d9f1,147.28116517300077,0.0009922223414303,6.736926206856341e-06,14.0,0.0,20.0,0.0005727272679372,0.0,0.0008180287180943,0.0013907559860315,India,IND,uttar pradesh,,,macOS-15.3-x86_64-i386-64bit,3.10.17,3.0.2,8,Intel(R) Core(TM) i7-1068NG7 CPU @ 2.30GHz,,,77.706,28.9834,32.0,machine,N,1.0
2025-06-09T12:51:56,PROMISE_few_shot_Seed11,4b10f951-f617-4f42-a06a-e462259fc942,5b0fa12a-3dd7-45bb-9766-cc326314d9f1,163.02069865500016,3.659369546090352e-06,2.2447269434384256e-08,14.0,0.0,20.0,0.0006339237066049,0.0,0.0009054254630722,0.0015393491696771,Canada,CAN,quebec,,,macOS-15.3-x86_64-i386-64bit,3.10.17,3.0.2,8,Intel(R) Core(TM) i7-1068NG7 CPU @ 2.30GHz,,,-71.2,46.8,32.0,machine,N,1.0
2025-06-09T12:56:13,PROMISE_zero_shot_Seed12,aa6033d3-1b8a-4d0e-b5ed-1b00ab2972c0,5b0fa12a-3dd7-45bb-9766-cc326314d9f1,187.0800551020002,0.0012591166692482,6.730362937736521e-06,14.0,0.0,20.0,0.0007273152853943,0.0,0.0010375351636942,0.0017648504490885,India,IND,uttar pradesh,,,macOS-15.3-x86_64-i386-64bit,3.10.17,3.0.2,8,Intel(R) Core(TM) i7-1068NG7 CPU @ 2.30GHz,,,77.706,28.9834,32.0,machine,N,1.0
2025-06-09T13:00:03,PROMISE_few_shot_Seed12,00634136-ac75-4e9e-8d06-b440d186f0b1,5b0fa12a-3dd7-45bb-9766-cc326314d9f1,215.11871072099893,0.001449153440712,6.736529034852427e-06,14.0,0.0,20.0,0.0008364987293599,0.0,0.0011947182047832,0.0020312169341431,India,IND,uttar pradesh,,,macOS-15.3-x86_64-i386-64bit,3.10.17,3.0.2,8,Intel(R) Core(TM) i7-1068NG7 CPU @ 2.30GHz,,,77.706,28.9834,32.0,machine,N,1.0
2025-06-09T13:03:20,PROMISE_zero_shot_Seed13,1a7780c8-7b58-42de-87f5-e598229091b8,5b0fa12a-3dd7-45bb-9766-cc326314d9f1,125.95011795000028,0.0008485288350803,6.737022949173974e-06,14.0,0.0,20.0,0.0004897801495844,0.0,0.000699566741161,0.0011893468907454,India,IND,uttar pradesh,,,macOS-15.3-x86_64-i386-64bit,3.10.17,3.0.2,8,Intel(R) Core(TM) i7-1068NG7 CPU @ 2.30GHz,,,77.706,28.9834,32.0,machine,N,1.0
2025-06-09T13:06:17,PROMISE_few_shot_Seed13,035f2d57-bbb1-4144-af1e-c3d7ed4a20cc,5b0fa12a-3dd7-45bb-9766-cc326314d9f1,164.27598367599785,0.0011066754426315,6.736684315427793e-06,14.0,0.0,20.0,0.0006388119120444,0.0,0.0009123681331612,0.0015511800452056,India,IND,uttarakhand,,,macOS-15.3-x86_64-i386-64bit,3.10.17,3.0.2,8,Intel(R) Core(TM) i7-1068NG7 CPU @ 2.30GHz,,,78.0325,30.3275,32.0,machine,N,1.0
2025-06-09T13:09:50,PROMISE_zero_shot_Seed14,dfb0fdc4-308c-40c7-af69-fcb196d1ae91,5b0fa12a-3dd7-45bb-9766-cc326314d9f1,143.1934172620022,0.0009645212137354,6.735792972736199e-06,14.0,0.0,20.0,0.0005568184778839,0.0,0.0007951100119778,0.0013519284898617,India,IND,uttar pradesh,,,macOS-15.3-x86_64-i386-64bit,3.10.17,3.0.2,8,Intel(R) Core(TM) i7-1068NG7 CPU @ 2.30GHz,,,77.706,28.9834,32.0,machine,N,1.0
2025-06-09T13:12:02,PROMISE_few_shot_Seed14,45bd8376-b88a-40f1-b75a-b97de7070cc0,5b0fa12a-3dd7-45bb-9766-cc326314d9f1,121.87763032599833,0.0008210929771945,6.737027746587168e-06,14.0,0.0,20.0,0.0004739437549584,0.0,0.0006769474570612,0.0011508912120196,India,IND,uttar pradesh,,,macOS-15.3-x86_64-i386-64bit,3.10.17,3.0.2,8,Intel(R) Core(TM) i7-1068NG7 CPU @ 2.30GHz,,,77.706,28.9834,32.0,machine,N,1.0
2025-06-09T13:15:36,PROMISE_zero_shot_Seed15,88c91dc2-7cbd-49f8-a1bd-42f9f4ee4ecd,5b0fa12a-3dd7-45bb-9766-cc326314d9f1,141.5587218440014,0.0009531870365912,6.7335097701836025e-06,14.0,0.0,20.0,0.0005504113460415,0.0,0.0007856305082831,0.0013360418543247,India,IND,uttar pradesh,,,macOS-15.3-x86_64-i386-64bit,3.10.17,3.0.2,8,Intel(R) Core(TM) i7-1068NG7 CPU @ 2.30GHz,,,77.706,28.9834,32.0,machine,N,1.0
2025-06-09T13:18:14,PROMISE_few_shot_Seed15,a52c9379-3b42-4f45-acfe-bb4bc2980833,5b0fa12a-3dd7-45bb-9766-cc326314d9f1,148.83286162199877,0.0010026448155073,6.73671664026636e-06,14.0,0.0,20.0,0.0005787525577243,0.0,0.0008266121683109,0.0014053647260353,India,IND,uttar pradesh,,,macOS-15.3-x86_64-i386-64bit,3.10.17,3.0.2,8,Intel(R) Core(TM) i7-1068NG7 CPU @ 2.30GHz,,,77.706,28.9834,32.0,machine,N,1.0
2025-06-09T13:21:43,PROMISE_zero_shot_Seed16,536d6b02-13b8-41e8-b627-f8e86c0dcbab,5b0fa12a-3dd7-45bb-9766-cc326314d9f1,136.09875330400246,3.0550443376659006e-06,2.2447261738260586e-08,14.0,0.0,20.0,0.0005292352911415,0.0,0.0007558986384276,0.0012851339295691,Canada,CAN,quebec,,,macOS-15.3-x86_64-i386-64bit,3.10.17,3.0.2,8,Intel(R) Core(TM) i7-1068NG7 CPU @ 2.30GHz,,,-71.2,46.8,32.0,machine,N,1.0
2025-06-09T13:24:13,PROMISE_few_shot_Seed16,7a5ffe50-b366-4ed8-8397-9f05b1714fc5,5b0fa12a-3dd7-45bb-9766-cc326314d9f1,137.99617441300143,3.0977045935739026e-06,2.24477570247922e-08,14.0,0.0,20.0,0.0005366122164939,0.0,0.0007664671620612,0.0013030793785551,Canada,CAN,quebec,,,macOS-15.3-x86_64-i386-64bit,3.10.17,3.0.2,8,Intel(R) Core(TM) i7-1068NG7 CPU @ 2.30GHz,,,-71.2,46.8,32.0,machine,N,1.0
2025-06-09T13:27:40,PROMISE_zero_shot_Seed17,75038ee0-07e9-42c0-8699-e597ce29eafa,5b0fa12a-3dd7-45bb-9766-cc326314d9f1,135.03436081600012,0.0009097213496242,6.7369619415894265e-06,14.0,0.0,20.0,0.0005250982760916,0.0,0.0007500195677444,0.001275117843836,India,IND,uttar pradesh,,,macOS-15.3-x86_64-i386-64bit,3.10.17,3.0.2,8,Intel(R) Core(TM) i7-1068NG7 CPU @ 2.30GHz,,,77.706,28.9834,32.0,machine,N,1.0
2025-06-09T13:30:15,PROMISE_few_shot_Seed17,34df7a39-f307-4344-9bc5-9362e26c85b2,5b0fa12a-3dd7-45bb-9766-cc326314d9f1,139.08463836499868,3.1220455408786204e-06,2.2447091048872423e-08,14.0,0.0,20.0,0.0005408344564038,0.0,0.0007724841769056,0.0013133186333095,Canada,CAN,quebec,,,macOS-15.3-x86_64-i386-64bit,3.10.17,3.0.2,8,Intel(R) Core(TM) i7-1068NG7 CPU @ 2.30GHz,,,-71.2,46.8,32.0,machine,N,1.0
2025-06-09T13:33:27,PROMISE_zero_shot_Seed18,b4c44565-8a14-4867-9304-c4ca419c62e4,5b0fa12a-3dd7-45bb-9766-cc326314d9f1,121.96189467399743,2.7378678739952213e-06,2.244855150302073e-08,14.0,0.0,20.0,0.0004742743452378,0.0,0.0006774362391777,0.0011517105844155,Canada,CAN,quebec,,,macOS-15.3-x86_64-i386-64bit,3.10.17,3.0.2,8,Intel(R) Core(TM) i7-1068NG7 CPU @ 2.30GHz,,,-71.2,46.8,32.0,machine,N,1.0
2025-06-09T13:36:12,PROMISE_few_shot_Seed18,1efb3f3b-ae6c-4bbf-8a6b-2849330d5023,5b0fa12a-3dd7-45bb-9766-cc326314d9f1,153.83412020600008,0.001036382336467,6.737012147104977e-06,14.0,0.0,20.0,0.0005982116601805,0.0,0.0008544415185223,0.0014526531787029,India,IND,uttar pradesh,,,macOS-15.3-x86_64-i386-64bit,3.10.17,3.0.2,8,Intel(R) Core(TM) i7-1068NG7 CPU @ 2.30GHz,,,77.706,28.9834,32.0,machine,N,1.0
2025-06-09T13:39:19,PROMISE_zero_shot_Seed19,e0bb5c49-9248-4089-8665-c594b2d6137f,5b0fa12a-3dd7-45bb-9766-cc326314d9f1,115.2359820970014,2.5869028223914826e-06,2.2448741923455163e-08,14.0,0.0,20.0,0.0004481213429582,0.0,0.0006400843333278,0.001088205676286,Canada,CAN,quebec,,,macOS-15.3-x86_64-i386-64bit,3.10.17,3.0.2,8,Intel(R) Core(TM) i7-1068NG7 CPU @ 2.30GHz,,,-71.2,46.8,32.0,machine,N,1.0
2025-06-09T13:42:01,PROMISE_few_shot_Seed19,66ba8ecb-3af9-42d7-b604-1695f52d1d6f,5b0fa12a-3dd7-45bb-9766-cc326314d9f1,149.3439460949994,0.0010061231469929,6.736953008814764e-06,14.0,0.0,20.0,0.0005807490584428,0.0,0.0008294910973555,0.0014102401557984,India,IND,uttar pradesh,,,macOS-15.3-x86_64-i386-64bit,3.10.17,3.0.2,8,Intel(R) Core(TM) i7-1068NG7 CPU @ 2.30GHz,,,77.706,28.9834,32.0,machine,N,1.0
2025-06-09T13:44:58,PROMISE_zero_shot_Seed20,f71bb10e-d65a-4966-8282-a4ab188214d6,5b0fa12a-3dd7-45bb-9766-cc326314d9f1,103.26907140600088,2.318264046808586e-06,2.2448774015739562e-08,14.0,0.0,20.0,0.0004015852385183,0.0,0.0005736149402555,0.0009752001787739,Canada,CAN,quebec,,,macOS-15.3-x86_64-i386-64bit,3.10.17,3.0.2,8,Intel(R) Core(TM) i7-1068NG7 CPU @ 2.30GHz,,,-71.2,46.8,32.0,machine,N,1.0
2025-06-09T13:46:50,PROMISE_few_shot_Seed20,081fd791-f6f5-413e-87af-efacb708db00,5b0fa12a-3dd7-45bb-9766-cc326314d9f1,101.8827077479982,2.287133472823867e-06,2.24486914745236e-08,14.0,0.0,20.0,0.0003961937798972,0.0,0.0005659110220333,0.0009621048019306,Canada,CAN,quebec,,,macOS-15.3-x86_64-i386-64bit,3.10.17,3.0.2,8,Intel(R) Core(TM) i7-1068NG7 CPU @ 2.30GHz,,,-71.2,46.8,32.0,machine,N,1.0
2025-06-09T13:49:59,PROMISE_zero_shot_Seed21,cc310bc9-ae46-4a6d-8ff1-fe07a8371037,5b0fa12a-3dd7-45bb-9766-cc326314d9f1,117.41823362300056,0.0007910490589986,6.737020602255758e-06,14.0,0.0,20.0,0.0004566066262994,0.0,0.0006521732994388,0.0011087799257382,India,IND,uttarakhand,,,macOS-15.3-x86_64-i386-64bit,3.10.17,3.0.2,8,Intel(R) Core(TM) i7-1068NG7 CPU @ 2.30GHz,,,78.0325,30.3275,32.0,machine,N,1.0
2025-06-09T13:52:15,PROMISE_few_shot_Seed21,e16bf95b-c8e6-4523-a633-20a6617bf256,5b0fa12a-3dd7-45bb-9766-cc326314d9f1,124.57818255600068,2.796591659229696e-06,2.2448486579683127e-08,14.0,0.0,20.0,0.0004844485827493,0.0,0.0006919647295275,0.0011764133122768,Canada,CAN,quebec,,,macOS-15.3-x86_64-i386-64bit,3.10.17,3.0.2,8,Intel(R) Core(TM) i7-1068NG7 CPU @ 2.30GHz,,,-71.2,46.8,32.0,machine,N,1.0
2025-06-09T13:55:27,PROMISE_zero_shot_Seed22,42c22a7f-a811-43a5-a59d-e315fe72bb2d,5b0fa12a-3dd7-45bb-9766-cc326314d9f1,120.66380155300068,0.0008129314484568,6.737160921452914e-06,14.0,0.0,20.0,0.0004692269865345,0.0,0.0006702245567,0.0011394515432345,India,IND,uttar pradesh,,,macOS-15.3-x86_64-i386-64bit,3.10.17,3.0.2,8,Intel(R) Core(TM) i7-1068NG7 CPU @ 2.30GHz,,,77.706,28.9834,32.0,machine,N,1.0
2025-06-09T13:57:50,PROMISE_few_shot_Seed22,2d379cc3-2100-4e88-a092-1fae1fbdb790,5b0fa12a-3dd7-45bb-9766-cc326314d9f1,131.96150175599905,0.0008890337324271,6.737068922351134e-06,14.0,0.0,20.0,0.0005131580099489,0.0,0.0007329628780111,0.00124612088796,India,IND,uttar pradesh,,,macOS-15.3-x86_64-i386-64bit,3.10.17,3.0.2,8,Intel(R) Core(TM) i7-1068NG7 CPU @ 2.30GHz,,,77.706,28.9834,32.0,machine,N,1.0
2025-06-09T14:01:25,PROMISE_zero_shot_Seed23,729cbeea-9fea-4337-99e9-9b15e0edc5d4,5b0fa12a-3dd7-45bb-9766-cc326314d9f1,143.6059295769992,0.0009674574058921,6.7368903828822245e-06,14.0,0.0,20.0,0.0005584225810917,0.0,0.0007976214448222,0.001356044025914,India,IND,uttar pradesh,,,macOS-15.3-x86_64-i386-64bit,3.10.17,3.0.2,8,Intel(R) Core(TM) i7-1068NG7 CPU @ 2.30GHz,,,77.706,28.9834,32.0,machine,N,1.0
2025-06-09T14:05:40,PROMISE_few_shot_Seed23,098041c3-4484-457e-ae7c-8f2a4efd66eb,5b0fa12a-3dd7-45bb-9766-cc326314d9f1,247.07673760800023,0.0016643552872106,6.736187725819808e-06,14.0,0.0,20.0,0.0009607567761205,0.0,0.0013720994617612,0.0023328562378817,India,IND,uttarakhand,,,macOS-15.3-x86_64-i386-64bit,3.10.17,3.0.2,8,Intel(R) Core(TM) i7-1068NG7 CPU @ 2.30GHz,,,78.0325,30.3275,32.0,machine,N,1.0
2025-06-09T14:15:45,PROMISE_zero_shot_Seed24,6fa4fd59-86c6-4735-8434-257af677e506,5b0fa12a-3dd7-45bb-9766-cc326314d9f1,533.3323664000018,0.0035922487323281,6.735478584537942e-06,14.0,0.0,20.0,0.0020737481396682,0.0,0.0029613545980887,0.005035102737757,India,IND,uttar pradesh,,,macOS-15.3-x86_64-i386-64bit,3.10.17,3.0.2,8,Intel(R) Core(TM) i7-1068NG7 CPU @ 2.30GHz,,,77.706,28.9834,32.0,machine,N,1.0
2025-06-09T14:22:09,PROMISE_few_shot_Seed24,90f3b920-0fdc-4910-8d4a-6a2666727a90,5b0fa12a-3dd7-45bb-9766-cc326314d9f1,354.9164519390033,0.0023903599988445,6.73499350561334e-06,14.0,0.0,20.0,0.0013799154259255,0.0,0.0019705508338555,0.0033504662597811,India,IND,uttar pradesh,,,macOS-15.3-x86_64-i386-64bit,3.10.17,3.0.2,8,Intel(R) Core(TM) i7-1068NG7 CPU @ 2.30GHz,,,77.706,28.9834,32.0,machine,N,1.0
2025-06-09T14:28:41,PROMISE_zero_shot_Seed25,ab41ba02-0155-4265-9f2c-d9f41b3c481c,5b0fa12a-3dd7-45bb-9766-cc326314d9f1,320.1472827760008,0.0021559413438228,6.734217217552756e-06,14.0,0.0,20.0,0.0012448273025843,0.0,0.0017770642677387,0.003021891570323,India,IND,uttar pradesh,,,macOS-15.3-x86_64-i386-64bit,3.10.17,3.0.2,8,Intel(R) Core(TM) i7-1068NG7 CPU @ 2.30GHz,,,77.706,28.9834,32.0,machine,N,1.0
2025-06-09T14:32:31,PROMISE_few_shot_Seed25,7cc3755d-628e-4060-b9a1-b9135d2cbe1b,5b0fa12a-3dd7-45bb-9766-cc326314d9f1,215.5177684090013,4.837400901571188e-06,2.2445485294701803e-08,14.0,0.0,20.0,0.000838014087715,0.0,0.001196885358061,0.002034899445776,Canada,CAN,quebec,,,macOS-15.3-x86_64-i386-64bit,3.10.17,3.0.2,8,Intel(R) Core(TM) i7-1068NG7 CPU @ 2.30GHz,,,-71.2,46.8,32.0,machine,N,1.0
2025-06-09T14:35:43,PROMISE_zero_shot_Seed26,4c090ab1-f3dd-4622-9336-3a1e691629ea,5b0fa12a-3dd7-45bb-9766-cc326314d9f1,119.74945931199908,2.688164211817163e-06,2.2448236737448092e-08,14.0,0.0,20.0,0.0004656649798421,0.0,0.000665137278661,0.0011308022585031,Canada,CAN,quebec,,,macOS-15.3-x86_64-i386-64bit,3.10.17,3.0.2,8,Intel(R) Core(TM) i7-1068NG7 CPU @ 2.30GHz,,,-71.2,46.8,32.0,machine,N,1.0
2025-06-09T14:37:36,PROMISE_few_shot_Seed26,00b0d667-d0fd-49e5-97d8-8b8cfe1f6e0e,5b0fa12a-3dd7-45bb-9766-cc326314d9f1,102.37049179499807,2.2980550578198152e-06,2.2448412794790343e-08,14.0,0.0,20.0,0.0003980889247066,0.0,0.0005686101475165,0.0009666990722231,Canada,CAN,quebec,,,macOS-15.3-x86_64-i386-64bit,3.10.17,3.0.2,8,Intel(R) Core(TM) i7-1068NG7 CPU @ 2.30GHz,,,-71.2,46.8,32.0,machine,N,1.0
2025-06-09T14:40:39,PROMISE_zero_shot_Seed27,8713db7e-d291-4136-af3d-f5c366d8f861,5b0fa12a-3dd7-45bb-9766-cc326314d9f1,112.03274575500107,0.0007547608863072,6.736966778960861e-06,14.0,0.0,20.0,0.0004356491957572,0.0,0.0006222671369278,0.0010579163326851,India,IND,uttarakhand,,,macOS-15.3-x86_64-i386-64bit,3.10.17,3.0.2,8,Intel(R) Core(TM) i7-1068NG7 CPU @ 2.30GHz,,,78.0325,30.3275,32.0,machine,N,1.0
2025-06-09T14:42:39,PROMISE_few_shot_Seed27,d93cca18-e4c9-4312-9b36-b44be9ad93b2,5b0fa12a-3dd7-45bb-9766-cc326314d9f1,108.40996547899704,2.433653820430068e-06,2.2448617243601602e-08,14.0,0.0,20.0,0.0004215758793127,0.0,0.00060216412305,0.0010237400023627,Canada,CAN,quebec,,,macOS-15.3-x86_64-i386-64bit,3.10.17,3.0.2,8,Intel(R) Core(TM) i7-1068NG7 CPU @ 2.30GHz,,,-71.2,46.8,32.0,machine,N,1.0
2025-06-09T14:45:56,PROMISE_zero_shot_Seed28,c5e85f45-45f3-4a58-88bf-e0586650e280,5b0fa12a-3dd7-45bb-9766-cc326314d9f1,122.61072319800223,2.752416785667241e-06,2.2448418163413035e-08,14.0,0.0,20.0,0.0004767948954959,0.0,0.0006810358292388,0.0011578307247348,Canada,CAN,quebec,,,macOS-15.3-x86_64-i386-64bit,3.10.17,3.0.2,8,Intel(R) Core(TM) i7-1068NG7 CPU @ 2.30GHz,,,-71.2,46.8,32.0,machine,N,1.0
2025-06-09T14:47:56,PROMISE_few_shot_Seed28,8a3724cf-6912-4a03-949a-c6675a5e845c,5b0fa12a-3dd7-45bb-9766-cc326314d9f1,111.05270762500004,0.0007481836929425,6.73719451730029e-06,14.0,0.0,20.0,0.0004318529845894,0.0,0.0006168443750275,0.0010486973596169,India,IND,uttar pradesh,,,macOS-15.3-x86_64-i386-64bit,3.10.17,3.0.2,8,Intel(R) Core(TM) i7-1068NG7 CPU @ 2.30GHz,,,77.706,28.9834,32.0,machine,N,1.0
2025-06-09T14:50:44,PROMISE_zero_shot_Seed29,e650ed4d-3566-4e9c-a9c3-5c6ee651ac3a,5b0fa12a-3dd7-45bb-9766-cc326314d9f1,96.67468417499911,0.0006513179813346,6.737213437963184e-06,14.0,0.0,20.0,0.0003759420341133,0.0,0.0005369827646221,0.0009129247987354,India,IND,uttar pradesh,,,macOS-15.3-x86_64-i386-64bit,3.10.17,3.0.2,8,Intel(R) Core(TM) i7-1068NG7 CPU @ 2.30GHz,,,77.706,28.9834,32.0,machine,N,1.0
2025-06-09T14:52:28,PROMISE_few_shot_Seed29,a82f39fb-edcf-46cb-8f79-f33f159fde7f,5b0fa12a-3dd7-45bb-9766-cc326314d9f1,94.15259961999982,2.11359715124173e-06,2.2448632961513698e-08,14.0,0.0,20.0,0.00036613310631343764,0.0,0.0005229719646056966,0.0008891050709191346,Canada,CAN,quebec,,,macOS-15.3-x86_64-i386-64bit,3.10.17,3.0.2,8,Intel(R) Core(TM) i7-1068NG7 CPU @ 2.30GHz,,,-71.2,46.8,32.0,machine,N,1.0
